{"cameraMode":{"drawMode":0,"name":"Shaded","section":"Shading Mode"},"sceneLighting":true,"audioPlay":false,"sceneViewState":{"showFog":true,"showMaterialUpdate":false,"showSkybox":true,"showFlares":true,"showImageEffects":true,"showParticleSystems":true},"in2DMode":false,"pivot":{"x":499.9858093261719,"y":48.0196647644043,"z":442.23101806640627},"rotation":{"x":-0.14334511756896974,"y":-0.28595033288002016,"z":0.04330795630812645,"w":-0.946472704410553},"size":10.0,"orthographic":false}