{"cameraMode":{"drawMode":0,"name":"Shaded","section":"Shading Mode"},"sceneLighting":true,"audioPlay":false,"sceneViewState":{"showFog":true,"showMaterialUpdate":true,"showSkybox":true,"showFlares":true,"showImageEffects":true,"showParticleSystems":true},"in2DMode":false,"pivot":{"x":521.6116333007813,"y":137.9156494140625,"z":426.4889831542969},"rotation":{"x":0.3455488085746765,"y":-0.0008350885473191738,"z":0.0002703105565160513,"w":0.9384366273880005},"size":4.041658401489258,"orthographic":false}