{"cameraMode":{"drawMode":0,"name":"Shaded","section":"Shading Mode"},"sceneLighting":false,"audioPlay":false,"sceneViewState":{"showFog":true,"showMaterialUpdate":true,"showSkybox":true,"showFlares":true,"showImageEffects":true,"showParticleSystems":true},"in2DMode":false,"pivot":{"x":-2.3975744247436525,"y":2.1113414764404299,"z":2.0595269203186037},"rotation":{"x":-0.06194210797548294,"y":0.8426440358161926,"z":-0.09930615872144699,"w":-0.5255981087684631},"size":4.041658401489258,"orthographic":false}