{"cameraMode":{"drawMode":0,"name":"Shaded","section":"Shading Mode"},"sceneLighting":true,"audioPlay":false,"sceneViewState":{"showFog":true,"showMaterialUpdate":true,"showSkybox":true,"showFlares":true,"showImageEffects":true,"showParticleSystems":true},"in2DMode":false,"pivot":{"x":506.9558410644531,"y":61.73330307006836,"z":175.50485229492188},"rotation":{"x":-0.003340093418955803,"y":0.9911662936210632,"z":-0.13039974868297578,"w":-0.025290537625551225},"size":277.1807556152344,"orthographic":false}