{"cameraMode":{"drawMode":0,"name":"Shaded","section":"Shading Mode"},"sceneLighting":true,"audioPlay":false,"sceneViewState":{"showFog":true,"showMaterialUpdate":false,"showSkybox":true,"showFlares":true,"showImageEffects":true,"showParticleSystems":true},"in2DMode":false,"pivot":{"x":0.796025276184082,"y":0.026904582977294923,"z":-0.7235202789306641},"rotation":{"x":-0.07391874492168427,"y":0.9206379055976868,"z":-0.21392035484313966,"w":-0.3181203305721283},"size":10.0,"orthographic":false}